Workbook

Sheet Лист1
A1: DayKaz | B1: MonthKaz | C1: ProtocolKaz | D1: FioKaz | E1: CodeKaz | F1: BachelorKaz | G1: FormaKaz | H1: DayRus | I1: MonthRus | J1: ProtocolRus | K1: FioRus | L1: BachelorRus | M1: CodeRus | N1: FormaRus | O1: FioEng | P1: BachelorEng | Q1: CodeEng | R1: FormaEng | S1: DayEng | T1: MonthEng | U1: Reg.nomer | V1: DayEnd | W1: MonthEnd
A2: Деньказ | B2: МесяцКаз | C2: ПротоколКаз | D2: ФиоКаз | E2: КодКаз | F2: бакалавКаз | G2: ФормаКаз | H2: Деньрус | I2: МесяцРус | J2: ПротоколРус | K2: ФиоРус | L2: БакалаврРус | M2: КодРус | N2: ФормаРус | O2: ФиоАнг | P2: БакалаврАнг | Q2: КодеАнг | R2: ФормаАнг | S2: ДеньАнг | T2: МесяцАнг | U2: Регист.номер | V2: День.пол | W2: Месяц.пол | X2: ИИН
A3: 21 | B3: маусымдағы | C3: 94 | D3: Абайқызы Мейірімге | E3: "6В01705 - Шетел тілі: екі шетел тілі (ағылшын)", В018-Шет тілі мұғалімдерін даярлау | F3: білім | G3: күндізгі | H3: Abaikyzy Meiirim | I3: Education | J3: "6B01705 - Foreign language: two foreign languages (English)", B018-Training of foreign language teachers | K3: full-time | L3: 21 | M3: June | N3: 21 | O3: июня | P3: 94 | Q3: Абайқызы Мейірім | R3: образования | S3: "6B01705 - Иностранный язык: два иностранных языка (английский)", В018-Подготовка учителей иностранного языка | T3: очное | V3: 28 | W3: маусым | X3: 041027600630
A4: 21 | B4: маусымдағы | C4: 11 | D4: Абатбекова Фарангиз Атабековнаға | E4: "6В01705 - Шетел тілі: екі шетел тілі (ағылшын)", В018-Шет тілі мұғалімдерін даярлау | F4: білім | G4: күндізгі | H4: Abatbekova Farangiz | I4: Education | J4: "6B01705 - Foreign language: two foreign languages (English)", B018-Training of foreign language teachers | K4: full-time | L4: 21 | M4: June | N4: 21 | O4: июня | P4: 11 | Q4: Абатбековой Фарангиз Атабековне | R4: образования | S4: "6B01705 - Иностранный язык: два иностранных языка (английский)", В018-Подготовка учителей иностранного языка | T4: очное | V4: 28 | W4: маусым | X4: 040105601263
A5: 21 | B5: маусымдағы | C5: 01 | D5: Абдиганиева Диёра Илхамжановнаға | E5: "6В01705 - Шетел тілі: екі шетел тілі (ағылшын)", В018-Шет тілі мұғалімдерін даярлау | F5: білім | G5: күндізгі | H5: Abdiganiyeva Diyora | I5: Education | J5: "6B01705 - Foreign language: two foreign languages (English)", B018-Training of foreign language teachers | K5: full-time | L5: 21 | M5: June | N5: 21 | O5: июня | P5: 01 | Q5: Абдиганиевой Диёре Илхамжановне | R5: образования | S5: "6B01705 - Иностранный язык: два иностранных языка (английский)", В018-Подготовка учителей иностранного языка | T5: очное | V5: 28 | W5: маусым | X5: 040401602290
A6: 21 | B6: маусымдағы | C6: 85 | D6: Абдигаппаров Хаёт Сайдимамутовичке | E6: "6В01705 - Шетел тілі: екі шетел тілі (ағылшын)", В018-Шет тілі мұғалімдерін даярлау | F6: білім | G6: күндізгі | H6: Abdigapparov Khayot | I6: Education | J6: "6B01705 - Foreign language: two foreign languages (English)", B018-Training of foreign language teachers | K6: full-time | L6: 21 | M6: June | N6: 21 | O6: июня | P6: 85 | Q6: Абдигаппарову Хаёту Сайдимамутовичу | R6: образования | S6: "6B01705 - Иностранный язык: два иностранных языка (английский)", В018-Подготовка учителей иностранного языка | T6: очное | V6: 28 | W6: маусым | X6: 040730502005
A7: 21 | B7: маусымдағы | C7: 209 | D7: Абдуллади Арайлым Анасқызына | E7: "6В01705 - Шетел тілі: екі шетел тілі (ағылшын)", В018-Шет тілі мұғалімдерін даярлау | F7: білім | G7: күндізгі | H7: Abdulladi Arailym | I7: Education | J7: "6B01705 - Foreign language: two foreign languages (English)", B018-Training of foreign language teachers | K7: full-time | L7: 21 | M7: June | N7: 21 | O7: июня | P7: 209 | Q7: Абдуллади Арайлым Анасқызы | R7: образования | S7: "6B01705 - Иностранный язык: два иностранных языка (английский)", В018-Подготовка учителей иностранного языка | T7: очное | V7: 28 | W7: маусым | X7: 030927600143
A8: 21 | B8: маусымдағы | C8: 210 | D8: Абдурахманова Эъзоза Хасанқызына | E8: "6В01705 - Шетел тілі: екі шетел тілі (ағылшын)", В018-Шет тілі мұғалімдерін даярлау | F8: білім | G8: күндізгі | H8: Abdurakhmanova Ezoza | I8: Education | J8: "6B01705 - Foreign language: two foreign languages (English)", B018-Training of foreign language teachers | K8: full-time | L8: 21 | M8: June | N8: 21 | O8: июня | P8: 210 | Q8: Абдурахманова Эъзоза Хасанқызы | R8: образования | S8: "6B01705 - Иностранный язык: два иностранных языка (английский)", В018-Подготовка учителей иностранного языка | T8: очное | V8: 28 | W8: маусым | X8: 040925600937
A9: 21 | B9: маусымдағы | C9: 211 | D9: Абдыхай Сандуғаш Талғатқызына | E9: "6В01705 - Шетел тілі: екі шетел тілі (ағылшын)", В018-Шет тілі мұғалімдерін даярлау | F9: білім | G9: күндізгі | H9: Abdykhay Sandugash | I9: Education | J9: "6B01705 - Foreign language: two foreign languages (English)", B018-Training of foreign language teachers | K9: full-time | L9: 21 | M9: June | N9: 21 | O9: июня | P9: 211 | Q9: Абдыхай Сандуғаш Талғатқызы | R9: образования | S9: "6B01705 - Иностранный язык: два иностранных языка (английский)", В018-Подготовка учителей иностранного языка | T9: очное | V9: 28 | W9: маусым | X9: 040409600981
A10: 21 | B10: маусымдағы | C10: 212 | D10: Абдыхахарова Аяжан Асхатқызына | E10: "6В01705 - Шетел тілі: екі шетел тілі (ағылшын)", В018-Шет тілі мұғалімдерін даярлау | F10: білім | G10: күндізгі | H10: Abdykhakharova Ayazhan | I10: Education | J10: "6B01705 - Foreign language: two foreign languages (English)", B018-Training of foreign language teachers | K10: full-time | L10: 21 | M10: June | N10: 21 | O10: июня | P10: 212 | Q10: Абдыхахарова Аяжан Асхатқызы | R10: образования | S10: "6B01705 - Иностранный язык: два иностранных языка (английский)", В018-Подготовка учителей иностранного языка | T10: очное | V10: 28 | W10: маусым | X10: 030624601818
A11: 21 | B11: маусымдағы | C11: 16 | D11: Агибаева Мадина Амантаевнаға | E11: "6В01705 - Шетел тілі: екі шетел тілі (ағылшын)", В018-Шет тілі мұғалімдерін даярлау | F11: білім | G11: күндізгі | H11: Agibayeva Madina | I11: Education | J11: "6B01705 - Foreign language: two foreign languages (English)", B018-Training of foreign language teachers | K11: full-time | L11: 21 | M11: June | N11: 21 | O11: июня | P11: 16 | Q11: Агибаевой Мадине Амантаевне | R11: образования | S11: "6B01705 - Иностранный язык: два иностранных языка (английский)", В018-Подготовка учителей иностранного языка | T11: очное | V11: 28 | W11: маусым | X11: 040701651190
A12: 21 | B12: маусымдағы | C12: 10 | D12: Адилбекова Сабина Нуркеновнаға | E12: "6В01705 - Шетел тілі: екі шетел тілі (ағылшын)", В018-Шет тілі мұғалімдерін даярлау | F12: білім | G12: күндізгі | H12: Adilbekova Sabina | I12: Education | J12: "6B01705 - Foreign language: two foreign languages (English)", B018-Training of foreign language teachers | K12: full-time | L12: 21 | M12: June | N12: 21 | O12: июня | P12: 10 | Q12: Адилбековой Сабине Нуркеновне | R12: образования | S12: "6B01705 - Иностранный язык: два иностранных языка (английский)", В018-Подготовка учителей иностранного языка | T12: очное | V12: 28 | W12: маусым | X12: 040611651322
A13: 21 | B13: маусымдағы | C13: 215 | D13: Айдаралиева Зарина Маханбетқызына | E13: "6В01705 - Шетел тілі: екі шетел тілі (ағылшын)", В018-Шет тілі мұғалімдерін даярлау | F13: білім | G13: күндізгі | H13: Aidaraliyeva Zarina | I13: Education | J13: "6B01705 - Foreign language: two foreign languages (English)", B018-Training of foreign language teachers | K13: full-time | L13: 21 | M13: June | N13: 21 | O13: июня | P13: 215 | Q13: Айдаралиева Зарина Маханбетқызы | R13: образования | S13: "6B01705 - Иностранный язык: два иностранных языка (английский)", В018-Подготовка учителей иностранного языка | T13: очное | V13: 28 | W13: маусым | X13: 040129601006
A14: 21 | B14: маусымдағы | C14: 60 | D14: Айдарова Данагуль Айдаровнаға | E14: "6В01705 - Шетел тілі: екі шетел тілі (ағылшын)", В018-Шет тілі мұғалімдерін даярлау | F14: білім | G14: күндізгі | H14: Aidarova Danagul | I14: Education | J14: "6B01705 - Foreign language: two foreign languages (English)", B018-Training of foreign language teachers | K14: full-time | L14: 21 | M14: June | N14: 21 | O14: июня | P14: 60 | Q14: Айдаровой Данагуль Айдаровне | R14: образования | S14: "6B01705 - Иностранный язык: два иностранных языка (английский)", В018-Подготовка учителей иностранного языка | T14: очное | V14: 28 | W14: маусым | X14: 040320651497
... A197: 21 | B197: маусымдағы | C197: 96 | D197: Юлдаш Саидмурат Халмурадулына | E197: "6В01705 - Шетел тілі: екі шетел тілі (ағылшын)", В018-Шет тілі мұғалімдерін даярлау | F197: білім | G197: күндізгі | H197: Yuldash Saidmurat | I197: Education | J197: "6B01705 - Foreign language: two foreign languages (English)", B018-Training of foreign language teachers | K197: full-time | L197: 21 | M197: June | N197: 21 | O197: июня | P197: 96 | Q197: Юлдаш Саидмурату Халмурадулы | R197: образования | S197: "6B01705 - Иностранный язык: два иностранных языка (английский)", В018-Подготовка учителей иностранного языка | T197: очное | V197: 28 | W197: маусым | X197: 030520500858
A198: 21 | B198: маусымдағы | C198: 08 | D198: =[1]Лист4!A325 -> Юсантаева Рушана Бахтияровнаға | E198: "6В01705 - Шетел тілі: екі шетел тілі (ағылшын)", В018-Шет тілі мұғалімдерін даярлау | F198: білім | G198: күндізгі | H198: Yussantayeva Rushana | I198: Education | J198: "6B01705 - Foreign language: two foreign languages (English)", B018-Training of foreign language teachers | K198: full-time | L198: 21 | M198: June | N198: 21 | O198: июня | P198: 08 | Q198: Юсантаевой Рушане Бахтияровне | R198: образования | S198: "6B01705 - Иностранный язык: два иностранных языка (английский)", В018-Подготовка учителей иностранного языка | T198: очное | V198: 28 | W198: маусым | X198: 030212601719
A199: 21 | B199: маусымдағы | C199: 10 | D199: =[1]Лист4!A326 -> Яковлев Станислав Юрьевичке | E199: "6В01705 - Шетел тілі: екі шетел тілі (ағылшын)", В018-Шет тілі мұғалімдерін даярлау | F199: білім | G199: күндізгі | H199: Yakovlev Stanislav | I199: Education | J199: "6B01705 - Foreign language: two foreign languages (English)", B018-Training of foreign language teachers | K199: full-time | L199: 21 | M199: June | N199: 21 | O199: июня | P199: 10 | Q199: Яковлеву Станиславу Юрьевичу | R199: образования | S199: "6B01705 - Иностранный язык: два иностранных языка (английский)", В018-Подготовка учителей иностранного языка | T199: очное | V199: 28 | W199: маусым | X199: 020724551384
A200: 21 | B200: маусымдағы | C200: 189 | D200: =[1]Лист4!A328 -> Якшиметова Аяулым Орынбасарқызына | E200: "6В01705 - Шетел тілі: екі шетел тілі (ағылшын)", В018-Шет тілі мұғалімдерін даярлау | F200: білім | G200: күндізгі | H200: Yakshimetova Ayaulym | I200: Education | J200: "6B01705 - Foreign language: two foreign languages (English)", B018-Training of foreign language teachers | K200: full-time | L200: 21 | M200: June | N200: 21 | O200: июня | P200: 189 | Q200: Якшиметова Аяулым Орынбасарқызы | R200: образования | S200: "6B01705 - Иностранный язык: два иностранных языка (английский)", В018-Подготовка учителей иностранного языка | T200: очное | V200: 28 | W200: маусым | X200: 040706601667

Sheet Лист2
A1: ИИН | B1: Фамилия, имя, отчество | C1: Уровень образования | D1: Специальность / образовательная программа | E1: Серия диплома | F1: Номер диплома
A2: 040907600483 | B2: Жалгасбаева Улдай Ондасынкызы | C2: Обучающийся | D2: diploma.export.student-type.student | E2: Бакалавр | F2: B018 Подготовка учителей иностранного языка | G2: 6B01705 Иностранный язык: два иностранных языка (английский) | H2: 2025 | I2: BD | J2: 00025721425 | K2: Хабдрахманова Карлыгаш Галимжановна | L2: 2025-06-20 16:54 | M2: ="https://epvo.kz/#/verification_education_document?iin="&A2&"&diplomaSeries="&I2&"&diplomaNumber="&J2 -> https://epvo.kz/#/verification_education_document?iin=040907600483&diplomaSeries=BD&diplomaNumber=00025721425
A3: 040329601678 | B3: Беркинбай Камила Султанқызы | C3: Обучающийся | D3: diploma.export.student-type.student | E3: Бакалавр | F3: B018 Подготовка учителей иностранного языка | G3: 6B01705 Иностранный язык: два иностранных языка (английский) | H3: 2025 | I3: BD | J3: 00025695825 | K3: Хабдрахманова Карлыгаш Галимжановна | L3: 2025-06-20 16:46 | M3: ="https://epvo.kz/#/verification_education_document?iin="&A3&"&diplomaSeries="&I3&"&diplomaNumber="&J3 -> https://epvo.kz/#/verification_education_document?iin=040329601678&diplomaSeries=BD&diplomaNumber=00025695825
A4: 030704650901 | B4: Белоусова Карина Денисовна | C4: Обучающийся | D4: diploma.export.student-type.student | E4: Бакалавр | F4: B018 Подготовка учителей иностранного языка | G4: 6B01705 Иностранный язык: два иностранных языка (английский) | H4: 2025 | I4: BD | J4: 00025695725 | K4: Хабдрахманова Карлыгаш Галимжановна | L4: 2025-06-20 16:45 | M4: ="https://epvo.kz/#/verification_education_document?iin="&A4&"&diplomaSeries="&I4&"&diplomaNumber="&J4 -> https://epvo.kz/#/verification_education_document?iin=030704650901&diplomaSeries=BD&diplomaNumber=00025695725
A5: 020727000255 | B5: Атамуратова Фариза Ергалиевна | C5: Обучающийся | D5: diploma.export.student-type.student | E5: Бакалавр | F5: B018 Подготовка учителей иностранного языка | G5: 6B01705 Иностранный язык: два иностранных языка (английский) | H5: 2025 | I5: BD | J5: 00025695625 | K5: Хабдрахманова Карлыгаш Галимжановна | L5: 2025-06-20 16:45 | M5: ="https://epvo.kz/#/verification_education_document?iin="&A5&"&diplomaSeries="&I5&"&diplomaNumber="&J5 -> https://epvo.kz/#/verification_education_document?iin=020727000255&diplomaSeries=BD&diplomaNumber=00025695625
A6: 021108600439 | B6: Рыскулова Гулназа Фархадқызы | C6: Обучающийся | D6: diploma.export.student-type.student | E6: Бакалавр | F6: B018 Подготовка учителей иностранного языка | G6: 6B01705 Иностранный язык: два иностранных языка (английский) | H6: 2025 | I6: BD | J6: 00025692325 | K6: Хабдрахманова Карлыгаш Галимжановна | L6: 2025-06-20 16:45 | M6: ="https://epvo.kz/#/verification_education_document?iin="&A6&"&diplomaSeries="&I6&"&diplomaNumber="&J6 -> https://epvo.kz/#/verification_education_document?iin=021108600439&diplomaSeries=BD&diplomaNumber=00025692325
A7: 040212601205 | B7: Сатыбалды Әсем Маратқызы | C7: Обучающийся | D7: diploma.export.student-type.student | E7: Бакалавр | F7: B018 Подготовка учителей иностранного языка | G7: 6B01705 Иностранный язык: два иностранных языка (английский) | H7: 2025 | I7: BD | J7: 00025692125 | K7: Хабдрахманова Карлыгаш Галимжановна | L7: 2025-06-20 16:44 | M7: ="https://epvo.kz/#/verification_education_document?iin="&A7&"&diplomaSeries="&I7&"&diplomaNumber="&J7 -> https://epvo.kz/#/verification_education_document?iin=040212601205&diplomaSeries=BD&diplomaNumber=00025692125
A8: 040517601035 | B8: Махатбек Әсем Сакенқызы | C8: Обучающийся | D8: diploma.export.student-type.student | E8: Бакалавр | F8: B018 Подготовка учителей иностранного языка | G8: 6B01705 Иностранный язык: два иностранных языка (английский) | H8: 2025 | I8: BD | J8: 00025690625 | K8: Хабдрахманова Карлыгаш Галимжановна | L8: 2025-06-20 16:44 | M8: ="https://epvo.kz/#/verification_education_document?iin="&A8&"&diplomaSeries="&I8&"&diplomaNumber="&J8 -> https://epvo.kz/#/verification_education_document?iin=040517601035&diplomaSeries=BD&diplomaNumber=00025690625
A9: 031028600199 | B9: Маратқызы Сәния | C9: Обучающийся | D9: diploma.export.student-type.student | E9: Бакалавр | F9: B018 Подготовка учителей иностранного языка | G9: 6B01705 Иностранный язык: два иностранных языка (английский) | H9: 2025 | I9: BD | J9: 00025690325 | K9: Хабдрахманова Карлыгаш Галимжановна | L9: 2025-06-20 16:44 | M9: ="https://epvo.kz/#/verification_education_document?iin="&A9&"&diplomaSeries="&I9&"&diplomaNumber="&J9 -> https://epvo.kz/#/verification_education_document?iin=031028600199&diplomaSeries=BD&diplomaNumber=00025690325
A10: 031220600221 | B10: Малик Аружан Адылханқызы | C10: Обучающийся | D10: diploma.export.student-type.student | E10: Бакалавр | F10: B018 Подготовка учителей иностранного языка | G10: 6B01705 Иностранный язык: два иностранных языка (английский) | H10: 2025 | I10: BD | J10: 00025690225 | K10: Хабдрахманова Карлыгаш Галимжановна | L10: 2025-06-20 16:44 | M10: ="https://epvo.kz/#/verification_education_document?iin="&A10&"&diplomaSeries="&I10&"&diplomaNumber="&J10 -> https://epvo.kz/#/verification_education_document?iin=031220600221&diplomaSeries=BD&diplomaNumber=00025690225
A11: 020309651007 | B11: Қордабаева Аяулым Төреханқызы | C11: Обучающийся | D11: diploma.export.student-type.student | E11: Бакалавр | F11: B018 Подготовка учителей иностранного языка | G11: 6B01705 Иностранный язык: два иностранных языка (английский) | H11: 2025 | I11: BD | J11: 00025690125 | K11: Хабдрахманова Карлыгаш Галимжановна | L11: 2025-06-20 16:44 | M11: ="https://epvo.kz/#/verification_education_document?iin="&A11&"&diplomaSeries="&I11&"&diplomaNumber="&J11 -> https://epvo.kz/#/verification_education_document?iin=020309651007&diplomaSeries=BD&diplomaNumber=00025690125
A12: 020225650558 | B12: Кожахметова Айбөпе Алпысқызы | C12: Обучающийся | D12: diploma.export.student-type.student | E12: Бакалавр | F12: B018 Подготовка учителей иностранного языка | G12: 6B01705 Иностранный язык: два иностранных языка (английский) | H12: 2025 | I12: BD | J12: 00025690025 | K12: Хабдрахманова Карлыгаш Галимжановна | L12: 2025-06-20 16:44 | M12: ="https://epvo.kz/#/verification_education_document?iin="&A12&"&diplomaSeries="&I12&"&diplomaNumber="&J12 -> https://epvo.kz/#/verification_education_document?iin=020225650558&diplomaSeries=BD&diplomaNumber=00025690025
A13: 040801650295 | B13: Кадирханова Әселхан Болатбекқызы | C13: Обучающийся | D13: diploma.export.student-type.student | E13: Бакалавр | F13: B018 Подготовка учителей иностранного языка | G13: 6B01705 Иностранный язык: два иностранных языка (английский) | H13: 2025 | I13: BD | J13: 00025685625 | K13: Хабдрахманова Карлыгаш Галимжановна | L13: 2025-06-20 16:42 | M13: ="https://epvo.kz/#/verification_education_document?iin="&A13&"&diplomaSeries="&I13&"&diplomaNumber="&J13 -> https://epvo.kz/#/verification_education_document?iin=040801650295&diplomaSeries=BD&diplomaNumber=00025685625
... A199: 041027600630 | B199: Абайқызы Мейірім | C199: Обучающийся | D199: diploma.export.student-type.student | E199: Бакалавр | F199: B018 Подготовка учителей иностранного языка | G199: 6B01705 Иностранный язык: два иностранных языка (английский) | H199: 2025 | I199: BD | J199: 00025621225 | K199: Хабдрахманова Карлыгаш Галимжановна | L199: 2025-06-20 16:18 | M199: ="https://epvo.kz/#/verification_education_document?iin="&A199&"&diplomaSeries="&I199&"&diplomaNumber="&J199 -> https://epvo.kz/#/verification_education_document?iin=041027600630&diplomaSeries=BD&diplomaNumber=00025621225

Sheet Лист3
A1: DayKaz | B1: MonthKaz | C1: ProtocolKaz | D1: FioKaz | E1: CodeKaz | F1: BachelorKaz | G1: FormaKaz | H1: DayRus | I1: MonthRus | J1: ProtocolRus | K1: FioRus | L1: BachelorRus | M1: CodeRus | N1: FormaRus | O1: FioEng | P1: BachelorEng | Q1: CodeEng | R1: FormaEng | S1: DayEng | T1: MonthEng | U1: Reg.nomer | V1: DayEnd | W1: MonthEnd | Y1: Фамилия, имя, отчество | Z1: Серия диплома | AA1: Номер диплома | AB1: Url
A2: Деньказ | B2: МесяцКаз | C2: ПротоколКаз | D2: ФиоКаз | E2: КодКаз | F2: бакалавКаз | G2: ФормаКаз | H2: Деньрус | I2: МесяцРус | J2: ПротоколРус | K2: ФиоРус | L2: БакалаврРус | M2: КодРус | N2: ФормаРус | O2: ФиоАнг | P2: БакалаврАнг | Q2: КодеАнг | R2: ФормаАнг | S2: ДеньАнг | T2: МесяцАнг | U2: Регист.номер | V2: День.пол | W2: Месяц.пол | X2: ИИН | Y2: ИИН | Z2: Серия диплома | AA2: Номер диплома
A3: =IF(ISBLANK(Лист1!A3),"",Лист1!A3) -> 21 | B3: =IF(ISBLANK(Лист1!B3),"",Лист1!B3) -> маусымдағы | C3: =IF(ISBLANK(Лист1!C3),"",Лист1!C3) -> 94 | D3: =IF(ISBLANK(Лист1!D3),"",Лист1!D3) -> Абайқызы Мейірімге | E3: =IF(ISBLANK(Лист1!E3),"",Лист1!E3) -> "6В01705 - Шетел тілі: екі шетел тілі (ағылшын)", В018-Шет тілі мұғалімдерін даярлау | F3: =IF(ISBLANK(Лист1!F3),"",Лист1!F3) -> білім | G3: =IF(ISBLANK(Лист1!G3),"",Лист1!G3) -> күндізгі | H3: =IF(ISBLANK(Лист1!H3),"",Лист1!H3) -> Abaikyzy Meiirim | ... X3: =IF(ISBLANK(Лист1!X3),"",Лист1!X3) -> 041027600630 | Y3: =IF(ISERROR(VLOOKUP(X3,Лист2!$A$2:$G$498,1,FALSE)),"",VLOOKUP($X3,Лист2!$A$2:$G$498,1,FALSE)) -> 041027600630 | Z3: =IF(ISERROR(VLOOKUP($X3,Лист2!$A$2:$L$498,9,FALSE)),"",VLOOKUP($X3,Лист2!$A$2:$L$498,9,FALSE)) -> BD | AA3: =IF(ISERROR(VLOOKUP($X3,Лист2!$A$2:$L$498,10,FALSE)),"",VLOOKUP($X3,Лист2!$A$2:$L$498,10,FALSE)) -> 00025621225 | AB3: =IF(ISERROR(VLOOKUP($X3,Лист2!$A$2:$M$498,13,FALSE)),"",VLOOKUP($X3,Лист2!$A$2:$M$498,13,FALSE)) -> https://epvo.kz/#/verification_education_document?iin=041027600630&diplomaSeries=BD&diplomaNumber=00025621225
A4: =IF(ISBLANK(Лист1!A4),"",Лист1!A4) -> 21 | B4: =IF(ISBLANK(Лист1!B4),"",Лист1!B4) -> маусымдағы | C4: =IF(ISBLANK(Лист1!C4),"",Лист1!C4) -> 11 | D4: =IF(ISBLANK(Лист1!D4),"",Лист1!D4) -> Абатбекова Фарангиз Атабековнаға | E4: =IF(ISBLANK(Лист1!E4),"",Лист1!E4) -> "6В01705 - Шетел тілі: екі шетел тілі (ағылшын)", В018-Шет тілі мұғалімдерін даярлау | F4: =IF(ISBLANK(Лист1!F4),"",Лист1!F4) -> білім | G4: =IF(ISBLANK(Лист1!G4),"",Лист1!G4) -> күндізгі | H4: =IF(ISBLANK(Лист1!H4),"",Лист1!H4) -> Abatbekova Farangiz | ... X4: =IF(ISBLANK(Лист1!X4),"",Лист1!X4) -> 040105601263 | Y4: =IF(ISERROR(VLOOKUP($X4,Лист2!$A$2:$G$498,1,FALSE)),"",VLOOKUP($X4,Лист2!$A$2:$G$498,1,FALSE)) -> 040105601263 | Z4: =IF(ISERROR(VLOOKUP($X4,Лист2!$A$2:$L$498,9,FALSE)),"",VLOOKUP($X4,Лист2!$A$2:$L$498,9,FALSE)) -> BD | AA4: =IF(ISERROR(VLOOKUP($X4,Лист2!$A$2:$L$498,10,FALSE)),"",VLOOKUP($X4,Лист2!$A$2:$L$498,10,FALSE)) -> 00025621325 | AB4: =IF(ISERROR(VLOOKUP($X4,Лист2!$A$2:$M$498,13,FALSE)),"",VLOOKUP($X4,Лист2!$A$2:$M$498,13,FALSE)) -> https://epvo.kz/#/verification_education_document?iin=040105601263&diplomaSeries=BD&diplomaNumber=00025621325
A5: =IF(ISBLANK(Лист1!A5),"",Лист1!A5) -> 21 | B5: =IF(ISBLANK(Лист1!B5),"",Лист1!B5) -> маусымдағы | C5: =IF(ISBLANK(Лист1!C5),"",Лист1!C5) -> 01 | D5: =IF(ISBLANK(Лист1!D5),"",Лист1!D5) -> Абдиганиева Диёра Илхамжановнаға | E5: =IF(ISBLANK(Лист1!E5),"",Лист1!E5) -> "6В01705 - Шетел тілі: екі шетел тілі (ағылшын)", В018-Шет тілі мұғалімдерін даярлау | F5: =IF(ISBLANK(Лист1!F5),"",Лист1!F5) -> білім | G5: =IF(ISBLANK(Лист1!G5),"",Лист1!G5) -> күндізгі | H5: =IF(ISBLANK(Лист1!H5),"",Лист1!H5) -> Abdiganiyeva Diyora | ... X5: =IF(ISBLANK(Лист1!X5),"",Лист1!X5) -> 040401602290 | Y5: =IF(ISERROR(VLOOKUP($X5,Лист2!$A$2:$G$498,1,FALSE)),"",VLOOKUP($X5,Лист2!$A$2:$G$498,1,FALSE)) -> 040401602290 | Z5: =IF(ISERROR(VLOOKUP($X5,Лист2!$A$2:$L$498,9,FALSE)),"",VLOOKUP($X5,Лист2!$A$2:$L$498,9,FALSE)) -> BD | AA5: =IF(ISERROR(VLOOKUP($X5,Лист2!$A$2:$L$498,10,FALSE)),"",VLOOKUP($X5,Лист2!$A$2:$L$498,10,FALSE)) -> 00025621425 | AB5: =IF(ISERROR(VLOOKUP($X5,Лист2!$A$2:$M$498,13,FALSE)),"",VLOOKUP($X5,Лист2!$A$2:$M$498,13,FALSE)) -> https://epvo.kz/#/verification_education_document?iin=040401602290&diplomaSeries=BD&diplomaNumber=00025621425
A6: =IF(ISBLANK(Лист1!A6),"",Лист1!A6) -> 21 | B6: =IF(ISBLANK(Лист1!B6),"",Лист1!B6) -> маусымдағы | C6: =IF(ISBLANK(Лист1!C6),"",Лист1!C6) -> 85 | D6: =IF(ISBLANK(Лист1!D6),"",Лист1!D6) -> Абдигаппаров Хаёт Сайдимамутовичке | E6: =IF(ISBLANK(Лист1!E6),"",Лист1!E6) -> "6В01705 - Шетел тілі: екі шетел тілі (ағылшын)", В018-Шет тілі мұғалімдерін даярлау | F6: =IF(ISBLANK(Лист1!F6),"",Лист1!F6) -> білім | G6: =IF(ISBLANK(Лист1!G6),"",Лист1!G6) -> күндізгі | H6: =IF(ISBLANK(Лист1!H6),"",Лист1!H6) -> Abdigapparov Khayot | ... X6: =IF(ISBLANK(Лист1!X6),"",Лист1!X6) -> 040730502005 | Y6: =IF(ISERROR(VLOOKUP($X6,Лист2!$A$2:$G$498,1,FALSE)),"",VLOOKUP($X6,Лист2!$A$2:$G$498,1,FALSE)) -> 040730502005 | Z6: =IF(ISERROR(VLOOKUP($X6,Лист2!$A$2:$L$498,9,FALSE)),"",VLOOKUP($X6,Лист2!$A$2:$L$498,9,FALSE)) -> BD | AA6: =IF(ISERROR(VLOOKUP($X6,Лист2!$A$2:$L$498,10,FALSE)),"",VLOOKUP($X6,Лист2!$A$2:$L$498,10,FALSE)) -> 00025621525 | AB6: =IF(ISERROR(VLOOKUP($X6,Лист2!$A$2:$M$498,13,FALSE)),"",VLOOKUP($X6,Лист2!$A$2:$M$498,13,FALSE)) -> https://epvo.kz/#/verification_education_document?iin=040730502005&diplomaSeries=BD&diplomaNumber=00025621525
A7: =IF(ISBLANK(Лист1!A7),"",Лист1!A7) -> 21 | B7: =IF(ISBLANK(Лист1!B7),"",Лист1!B7) -> маусымдағы | C7: =IF(ISBLANK(Лист1!C7),"",Лист1!C7) -> 209 | D7: =IF(ISBLANK(Лист1!D7),"",Лист1!D7) -> Абдуллади Арайлым Анасқызына | E7: =IF(ISBLANK(Лист1!E7),"",Лист1!E7) -> "6В01705 - Шетел тілі: екі шетел тілі (ағылшын)", В018-Шет тілі мұғалімдерін даярлау | F7: =IF(ISBLANK(Лист1!F7),"",Лист1!F7) -> білім | G7: =IF(ISBLANK(Лист1!G7),"",Лист1!G7) -> күндізгі | H7: =IF(ISBLANK(Лист1!H7),"",Лист1!H7) -> Abdulladi Arailym | ... X7: =IF(ISBLANK(Лист1!X7),"",Лист1!X7) -> 030927600143 | Y7: =IF(ISERROR(VLOOKUP($X7,Лист2!$A$2:$G$498,1,FALSE)),"",VLOOKUP($X7,Лист2!$A$2:$G$498,1,FALSE)) -> 030927600143 | Z7: =IF(ISERROR(VLOOKUP($X7,Лист2!$A$2:$L$498,9,FALSE)),"",VLOOKUP($X7,Лист2!$A$2:$L$498,9,FALSE)) -> BD | AA7: =IF(ISERROR(VLOOKUP($X7,Лист2!$A$2:$L$498,10,FALSE)),"",VLOOKUP($X7,Лист2!$A$2:$L$498,10,FALSE)) -> 00025621625 | AB7: =IF(ISERROR(VLOOKUP($X7,Лист2!$A$2:$M$498,13,FALSE)),"",VLOOKUP($X7,Лист2!$A$2:$M$498,13,FALSE)) -> https://epvo.kz/#/verification_education_document?iin=030927600143&diplomaSeries=BD&diplomaNumber=00025621625
A8: =IF(ISBLANK(Лист1!A8),"",Лист1!A8) -> 21 | B8: =IF(ISBLANK(Лист1!B8),"",Лист1!B8) -> маусымдағы | C8: =IF(ISBLANK(Лист1!C8),"",Лист1!C8) -> 210 | D8: =IF(ISBLANK(Лист1!D8),"",Лист1!D8) -> Абдурахманова Эъзоза Хасанқызына | E8: =IF(ISBLANK(Лист1!E8),"",Лист1!E8) -> "6В01705 - Шетел тілі: екі шетел тілі (ағылшын)", В018-Шет тілі мұғалімдерін даярлау | F8: =IF(ISBLANK(Лист1!F8),"",Лист1!F8) -> білім | G8: =IF(ISBLANK(Лист1!G8),"",Лист1!G8) -> күндізгі | H8: =IF(ISBLANK(Лист1!H8),"",Лист1!H8) -> Abdurakhmanova Ezoza | ... X8: =IF(ISBLANK(Лист1!X8),"",Лист1!X8) -> 040925600937 | Y8: =IF(ISERROR(VLOOKUP($X8,Лист2!$A$2:$G$498,1,FALSE)),"",VLOOKUP($X8,Лист2!$A$2:$G$498,1,FALSE)) -> 040925600937 | Z8: =IF(ISERROR(VLOOKUP($X8,Лист2!$A$2:$L$498,9,FALSE)),"",VLOOKUP($X8,Лист2!$A$2:$L$498,9,FALSE)) -> BD | AA8: =IF(ISERROR(VLOOKUP($X8,Лист2!$A$2:$L$498,10,FALSE)),"",VLOOKUP($X8,Лист2!$A$2:$L$498,10,FALSE)) -> 00025621725 | AB8: =IF(ISERROR(VLOOKUP($X8,Лист2!$A$2:$M$498,13,FALSE)),"",VLOOKUP($X8,Лист2!$A$2:$M$498,13,FALSE)) -> https://epvo.kz/#/verification_education_document?iin=040925600937&diplomaSeries=BD&diplomaNumber=00025621725
A9: =IF(ISBLANK(Лист1!A9),"",Лист1!A9) -> 21 | B9: =IF(ISBLANK(Лист1!B9),"",Лист1!B9) -> маусымдағы | C9: =IF(ISBLANK(Лист1!C9),"",Лист1!C9) -> 211 | D9: =IF(ISBLANK(Лист1!D9),"",Лист1!D9) -> Абдыхай Сандуғаш Талғатқызына | E9: =IF(ISBLANK(Лист1!E9),"",Лист1!E9) -> "6В01705 - Шетел тілі: екі шетел тілі (ағылшын)", В018-Шет тілі мұғалімдерін даярлау | F9: =IF(ISBLANK(Лист1!F9),"",Лист1!F9) -> білім | G9: =IF(ISBLANK(Лист1!G9),"",Лист1!G9) -> күндізгі | H9: =IF(ISBLANK(Лист1!H9),"",Лист1!H9) -> Abdykhay Sandugash | ... X9: =IF(ISBLANK(Лист1!X9),"",Лист1!X9) -> 040409600981 | Y9: =IF(ISERROR(VLOOKUP($X9,Лист2!$A$2:$G$498,1,FALSE)),"",VLOOKUP($X9,Лист2!$A$2:$G$498,1,FALSE)) -> 040409600981 | Z9: =IF(ISERROR(VLOOKUP($X9,Лист2!$A$2:$L$498,9,FALSE)),"",VLOOKUP($X9,Лист2!$A$2:$L$498,9,FALSE)) -> BD | AA9: =IF(ISERROR(VLOOKUP($X9,Лист2!$A$2:$L$498,10,FALSE)),"",VLOOKUP($X9,Лист2!$A$2:$L$498,10,FALSE)) -> 00025621825 | AB9: =IF(ISERROR(VLOOKUP($X9,Лист2!$A$2:$M$498,13,FALSE)),"",VLOOKUP($X9,Лист2!$A$2:$M$498,13,FALSE)) -> https://epvo.kz/#/verification_education_document?iin=040409600981&diplomaSeries=BD&diplomaNumber=00025621825
A10: =IF(ISBLANK(Лист1!A10),"",Лист1!A10) -> 21 | B10: =IF(ISBLANK(Лист1!B10),"",Лист1!B10) -> маусымдағы | C10: =IF(ISBLANK(Лист1!C10),"",Лист1!C10) -> 212 | D10: =IF(ISBLANK(Лист1!D10),"",Лист1!D10) -> Абдыхахарова Аяжан Асхатқызына | E10: =IF(ISBLANK(Лист1!E10),"",Лист1!E10) -> "6В01705 - Шетел тілі: екі шетел тілі (ағылшын)", В018-Шет тілі мұғалімдерін даярлау | F10: =IF(ISBLANK(Лист1!F10),"",Лист1!F10) -> білім | G10: =IF(ISBLANK(Лист1!G10),"",Лист1!G10) -> күндізгі | H10: =IF(ISBLANK(Лист1!H10),"",Лист1!H10) -> Abdykhakharova Ayazhan | ... X10: =IF(ISBLANK(Лист1!X10),"",Лист1!X10) -> 030624601818 | Y10: =IF(ISERROR(VLOOKUP($X10,Лист2!$A$2:$G$498,1,FALSE)),"",VLOOKUP($X10,Лист2!$A$2:$G$498,1,FALSE)) -> 030624601818 | Z10: =IF(ISERROR(VLOOKUP($X10,Лист2!$A$2:$L$498,9,FALSE)),"",VLOOKUP($X10,Лист2!$A$2:$L$498,9,FALSE)) -> BD | AA10: =IF(ISERROR(VLOOKUP($X10,Лист2!$A$2:$L$498,10,FALSE)),"",VLOOKUP($X10,Лист2!$A$2:$L$498,10,FALSE)) -> 00025621925 | AB10: =IF(ISERROR(VLOOKUP($X10,Лист2!$A$2:$M$498,13,FALSE)),"",VLOOKUP($X10,Лист2!$A$2:$M$498,13,FALSE)) -> https://epvo.kz/#/verification_education_document?iin=030624601818&diplomaSeries=BD&diplomaNumber=00025621925
A11: =IF(ISBLANK(Лист1!A11),"",Лист1!A11) -> 21 | B11: =IF(ISBLANK(Лист1!B11),"",Лист1!B11) -> маусымдағы | C11: =IF(ISBLANK(Лист1!C11),"",Лист1!C11) -> 16 | D11: =IF(ISBLANK(Лист1!D11),"",Лист1!D11) -> Агибаева Мадина Амантаевнаға | E11: =IF(ISBLANK(Лист1!E11),"",Лист1!E11) -> "6В01705 - Шетел тілі: екі шетел тілі (ағылшын)", В018-Шет тілі мұғалімдерін даярлау | F11: =IF(ISBLANK(Лист1!F11),"",Лист1!F11) -> білім | G11: =IF(ISBLANK(Лист1!G11),"",Лист1!G11) -> күндізгі | H11: =IF(ISBLANK(Лист1!H11),"",Лист1!H11) -> Agibayeva Madina | ... X11: =IF(ISBLANK(Лист1!X11),"",Лист1!X11) -> 040701651190 | Y11: =IF(ISERROR(VLOOKUP($X11,Лист2!$A$2:$G$498,1,FALSE)),"",VLOOKUP($X11,Лист2!$A$2:$G$498,1,FALSE)) -> 040701651190 | Z11: =IF(ISERROR(VLOOKUP($X11,Лист2!$A$2:$L$498,9,FALSE)),"",VLOOKUP($X11,Лист2!$A$2:$L$498,9,FALSE)) -> BD | AA11: =IF(ISERROR(VLOOKUP($X11,Лист2!$A$2:$L$498,10,FALSE)),"",VLOOKUP($X11,Лист2!$A$2:$L$498,10,FALSE)) -> 00025622025 | AB11: =IF(ISERROR(VLOOKUP($X11,Лист2!$A$2:$M$498,13,FALSE)),"",VLOOKUP($X11,Лист2!$A$2:$M$498,13,FALSE)) -> https://epvo.kz/#/verification_education_document?iin=040701651190&diplomaSeries=BD&diplomaNumber=00025622025
A12: =IF(ISBLANK(Лист1!A12),"",Лист1!A12) -> 21 | B12: =IF(ISBLANK(Лист1!B12),"",Лист1!B12) -> маусымдағы | C12: =IF(ISBLANK(Лист1!C12),"",Лист1!C12) -> 10 | D12: =IF(ISBLANK(Лист1!D12),"",Лист1!D12) -> Адилбекова Сабина Нуркеновнаға | E12: =IF(ISBLANK(Лист1!E12),"",Лист1!E12) -> "6В01705 - Шетел тілі: екі шетел тілі (ағылшын)", В018-Шет тілі мұғалімдерін даярлау | F12: =IF(ISBLANK(Лист1!F12),"",Лист1!F12) -> білім | G12: =IF(ISBLANK(Лист1!G12),"",Лист1!G12) -> күндізгі | H12: =IF(ISBLANK(Лист1!H12),"",Лист1!H12) -> Adilbekova Sabina | ... X12: =IF(ISBLANK(Лист1!X12),"",Лист1!X12) -> 040611651322 | Y12: =IF(ISERROR(VLOOKUP($X12,Лист2!$A$2:$G$498,1,FALSE)),"",VLOOKUP($X12,Лист2!$A$2:$G$498,1,FALSE)) -> 040611651322 | Z12: =IF(ISERROR(VLOOKUP($X12,Лист2!$A$2:$L$498,9,FALSE)),"",VLOOKUP($X12,Лист2!$A$2:$L$498,9,FALSE)) -> BD | AA12: =IF(ISERROR(VLOOKUP($X12,Лист2!$A$2:$L$498,10,FALSE)),"",VLOOKUP($X12,Лист2!$A$2:$L$498,10,FALSE)) -> 00025622125 | AB12: =IF(ISERROR(VLOOKUP($X12,Лист2!$A$2:$M$498,13,FALSE)),"",VLOOKUP($X12,Лист2!$A$2:$M$498,13,FALSE)) -> https://epvo.kz/#/verification_education_document?iin=040611651322&diplomaSeries=BD&diplomaNumber=00025622125
A13: =IF(ISBLANK(Лист1!A13),"",Лист1!A13) -> 21 | B13: =IF(ISBLANK(Лист1!B13),"",Лист1!B13) -> маусымдағы | C13: =IF(ISBLANK(Лист1!C13),"",Лист1!C13) -> 215 | D13: =IF(ISBLANK(Лист1!D13),"",Лист1!D13) -> Айдаралиева Зарина Маханбетқызына | E13: =IF(ISBLANK(Лист1!E13),"",Лист1!E13) -> "6В01705 - Шетел тілі: екі шетел тілі (ағылшын)", В018-Шет тілі мұғалімдерін даярлау | F13: =IF(ISBLANK(Лист1!F13),"",Лист1!F13) -> білім | G13: =IF(ISBLANK(Лист1!G13),"",Лист1!G13) -> күндізгі | H13: =IF(ISBLANK(Лист1!H13),"",Лист1!H13) -> Aidaraliyeva Zarina | ... X13: =IF(ISBLANK(Лист1!X13),"",Лист1!X13) -> 040129601006 | Y13: =IF(ISERROR(VLOOKUP($X13,Лист2!$A$2:$G$498,1,FALSE)),"",VLOOKUP($X13,Лист2!$A$2:$G$498,1,FALSE)) -> 040129601006 | Z13: =IF(ISERROR(VLOOKUP($X13,Лист2!$A$2:$L$498,9,FALSE)),"",VLOOKUP($X13,Лист2!$A$2:$L$498,9,FALSE)) -> BD | AA13: =IF(ISERROR(VLOOKUP($X13,Лист2!$A$2:$L$498,10,FALSE)),"",VLOOKUP($X13,Лист2!$A$2:$L$498,10,FALSE)) -> 00025622225 | AB13: =IF(ISERROR(VLOOKUP($X13,Лист2!$A$2:$M$498,13,FALSE)),"",VLOOKUP($X13,Лист2!$A$2:$M$498,13,FALSE)) -> https://epvo.kz/#/verification_education_document?iin=040129601006&diplomaSeries=BD&diplomaNumber=00025622225
A14: =IF(ISBLANK(Лист1!A14),"",Лист1!A14) -> 21 | B14: =IF(ISBLANK(Лист1!B14),"",Лист1!B14) -> маусымдағы | C14: =IF(ISBLANK(Лист1!C14),"",Лист1!C14) -> 60 | D14: =IF(ISBLANK(Лист1!D14),"",Лист1!D14) -> Айдарова Данагуль Айдаровнаға | E14: =IF(ISBLANK(Лист1!E14),"",Лист1!E14) -> "6В01705 - Шетел тілі: екі шетел тілі (ағылшын)", В018-Шет тілі мұғалімдерін даярлау | F14: =IF(ISBLANK(Лист1!F14),"",Лист1!F14) -> білім | G14: =IF(ISBLANK(Лист1!G14),"",Лист1!G14) -> күндізгі | H14: =IF(ISBLANK(Лист1!H14),"",Лист1!H14) -> Aidarova Danagul | ... X14: =IF(ISBLANK(Лист1!X14),"",Лист1!X14) -> 040320651497 | Y14: =IF(ISERROR(VLOOKUP($X14,Лист2!$A$2:$G$498,1,FALSE)),"",VLOOKUP($X14,Лист2!$A$2:$G$498,1,FALSE)) -> 040320651497 | Z14: =IF(ISERROR(VLOOKUP($X14,Лист2!$A$2:$L$498,9,FALSE)),"",VLOOKUP($X14,Лист2!$A$2:$L$498,9,FALSE)) -> BD | AA14: =IF(ISERROR(VLOOKUP($X14,Лист2!$A$2:$L$498,10,FALSE)),"",VLOOKUP($X14,Лист2!$A$2:$L$498,10,FALSE)) -> 00025622325 | AB14: =IF(ISERROR(VLOOKUP($X14,Лист2!$A$2:$M$498,13,FALSE)),"",VLOOKUP($X14,Лист2!$A$2:$M$498,13,FALSE)) -> https://epvo.kz/#/verification_education_document?iin=040320651497&diplomaSeries=BD&diplomaNumber=00025622325
A15: =IF(ISBLANK(Лист1!A15),"",Лист1!A15) -> 21 | B15: =IF(ISBLANK(Лист1!B15),"",Лист1!B15) -> маусымдағы | C15: =IF(ISBLANK(Лист1!C15),"",Лист1!C15) -> 216 | D15: =IF(ISBLANK(Лист1!D15),"",Лист1!D15) -> Айтбаева Балнур Қайратқызына | E15: =IF(ISBLANK(Лист1!E15),"",Лист1!E15) -> "6В01705 - Шетел тілі: екі шетел тілі (ағылшын)", В018-Шет тілі мұғалімдерін даярлау | F15: =IF(ISBLANK(Лист1!F15),"",Лист1!F15) -> білім | G15: =IF(ISBLANK(Лист1!G15),"",Лист1!G15) -> күндізгі | H15: =IF(ISBLANK(Лист1!H15),"",Лист1!H15) -> Aitbayeva Balnur | ... X15: =IF(ISBLANK(Лист1!X15),"",Лист1!X15) -> 040508650252 | Y15: =IF(ISERROR(VLOOKUP($X15,Лист2!$A$2:$G$498,1,FALSE)),"",VLOOKUP($X15,Лист2!$A$2:$G$498,1,FALSE)) -> 040508650252 | Z15: =IF(ISERROR(VLOOKUP($X15,Лист2!$A$2:$L$498,9,FALSE)),"",VLOOKUP($X15,Лист2!$A$2:$L$498,9,FALSE)) -> BD | AA15: =IF(ISERROR(VLOOKUP($X15,Лист2!$A$2:$L$498,10,FALSE)),"",VLOOKUP($X15,Лист2!$A$2:$L$498,10,FALSE)) -> 00025622425 | AB15: =IF(ISERROR(VLOOKUP($X15,Лист2!$A$2:$M$498,13,FALSE)),"",VLOOKUP($X15,Лист2!$A$2:$M$498,13,FALSE)) -> https://epvo.kz/#/verification_education_document?iin=040508650252&diplomaSeries=BD&diplomaNumber=00025622425
... A200: =IF(ISBLANK(Лист1!A200),"",Лист1!A200) -> 21 | B200: =IF(ISBLANK(Лист1!B200),"",Лист1!B200) -> маусымдағы | C200: =IF(ISBLANK(Лист1!C200),"",Лист1!C200) -> 189 | D200: =IF(ISBLANK(Лист1!D200),"",Лист1!D200) -> Якшиметова Аяулым Орынбасарқызына | E200: =IF(ISBLANK(Лист1!E200),"",Лист1!E200) -> "6В01705 - Шетел тілі: екі шетел тілі (ағылшын)", В018-Шет тілі мұғалімдерін даярлау | F200: =IF(ISBLANK(Лист1!F200),"",Лист1!F200) -> білім | G200: =IF(ISBLANK(Лист1!G200),"",Лист1!G200) -> күндізгі | H200: =IF(ISBLANK(Лист1!H200),"",Лист1!H200) -> Yakshimetova Ayaulym | ... X200: =IF(ISBLANK(Лист1!X200),"",Лист1!X200) -> 040706601667 | Y200: =IF(ISERROR(VLOOKUP($X200,Лист2!$A$2:$G$498,1,FALSE)),"",VLOOKUP($X200,Лист2!$A$2:$G$498,1,FALSE)) -> 040706601667 | Z200: =IF(ISERROR(VLOOKUP($X200,Лист2!$A$2:$L$498,9,FALSE)),"",VLOOKUP($X200,Лист2!$A$2:$L$498,9,FALSE)) -> BD | AA200: =IF(ISERROR(VLOOKUP($X200,Лист2!$A$2:$L$498,10,FALSE)),"",VLOOKUP($X200,Лист2!$A$2:$L$498,10,FALSE)) -> 00025681725 | AB200: =IF(ISERROR(VLOOKUP($X200,Лист2!$A$2:$M$498,13,FALSE)),"",VLOOKUP($X200,Лист2!$A$2:$M$498,13,FALSE)) -> https://epvo.kz/#/verification_education_document?iin=040706601667&diplomaSeries=BD&diplomaNumber=00025681725
A201: =IF(ISBLANK(Лист1!A201),"",Лист1!A201) | B201: =IF(ISBLANK(Лист1!B201),"",Лист1!B201) | C201: =IF(ISBLANK(Лист1!C201),"",Лист1!C201) | D201: =IF(ISBLANK(Лист1!D201),"",Лист1!D201) | E201: =IF(ISBLANK(Лист1!E201),"",Лист1!E201) | F201: =IF(ISBLANK(Лист1!F201),"",Лист1!F201) | G201: =IF(ISBLANK(Лист1!G201),"",Лист1!G201) | H201: =IF(ISBLANK(Лист1!H201),"",Лист1!H201) | ... X201: =IF(ISBLANK(Лист1!X201),"",Лист1!X201) | Y201: =IF(ISERROR(VLOOKUP($X201,Лист2!$A$2:$G$498,1,FALSE)),"",VLOOKUP($X201,Лист2!$A$2:$G$498,1,FALSE)) | Z201: =IF(ISERROR(VLOOKUP($X201,Лист2!$A$2:$G$498,5,FALSE)),"",VLOOKUP($X201,Лист2!$A$2:$G$498,5,FALSE)) | AA201: =IF(ISERROR(VLOOKUP($X201,Лист2!$A$2:$G$498,6,FALSE)),"",VLOOKUP($X201,Лист2!$A$2:$G$498,6,FALSE)) | AB201: =IF(ISERROR(VLOOKUP($X201,Лист2!$A$2:$G$498,7,FALSE)),"",VLOOKUP($X201,Лист2!$A$2:$G$498,7,FALSE))
A202: =IF(ISBLANK(Лист1!A202),"",Лист1!A202) | B202: =IF(ISBLANK(Лист1!B202),"",Лист1!B202) | C202: =IF(ISBLANK(Лист1!C202),"",Лист1!C202) | D202: =IF(ISBLANK(Лист1!D202),"",Лист1!D202) | E202: =IF(ISBLANK(Лист1!E202),"",Лист1!E202) | F202: =IF(ISBLANK(Лист1!F202),"",Лист1!F202) | G202: =IF(ISBLANK(Лист1!G202),"",Лист1!G202) | H202: =IF(ISBLANK(Лист1!H202),"",Лист1!H202) | ... X202: =IF(ISBLANK(Лист1!X202),"",Лист1!X202) | Y202: =IF(ISERROR(VLOOKUP($X202,Лист2!$A$2:$G$498,1,FALSE)),"",VLOOKUP($X202,Лист2!$A$2:$G$498,1,FALSE)) | Z202: =IF(ISERROR(VLOOKUP($X202,Лист2!$A$2:$G$498,5,FALSE)),"",VLOOKUP($X202,Лист2!$A$2:$G$498,5,FALSE)) | AA202: =IF(ISERROR(VLOOKUP($X202,Лист2!$A$2:$G$498,6,FALSE)),"",VLOOKUP($X202,Лист2!$A$2:$G$498,6,FALSE)) | AB202: =IF(ISERROR(VLOOKUP($X202,Лист2!$A$2:$G$498,7,FALSE)),"",VLOOKUP($X202,Лист2!$A$2:$G$498,7,FALSE))
A203: =IF(ISBLANK(Лист1!A203),"",Лист1!A203) | B203: =IF(ISBLANK(Лист1!B203),"",Лист1!B203) | C203: =IF(ISBLANK(Лист1!C203),"",Лист1!C203) | D203: =IF(ISBLANK(Лист1!D203),"",Лист1!D203) | E203: =IF(ISBLANK(Лист1!E203),"",Лист1!E203) | F203: =IF(ISBLANK(Лист1!F203),"",Лист1!F203) | G203: =IF(ISBLANK(Лист1!G203),"",Лист1!G203) | H203: =IF(ISBLANK(Лист1!H203),"",Лист1!H203) | ... X203: =IF(ISBLANK(Лист1!X203),"",Лист1!X203) | Y203: =IF(ISERROR(VLOOKUP($X203,Лист2!$A$2:$G$498,1,FALSE)),"",VLOOKUP($X203,Лист2!$A$2:$G$498,1,FALSE)) | Z203: =IF(ISERROR(VLOOKUP($X203,Лист2!$A$2:$G$498,5,FALSE)),"",VLOOKUP($X203,Лист2!$A$2:$G$498,5,FALSE)) | AA203: =IF(ISERROR(VLOOKUP($X203,Лист2!$A$2:$G$498,6,FALSE)),"",VLOOKUP($X203,Лист2!$A$2:$G$498,6,FALSE)) | AB203: =IF(ISERROR(VLOOKUP($X203,Лист2!$A$2:$G$498,7,FALSE)),"",VLOOKUP($X203,Лист2!$A$2:$G$498,7,FALSE))
A204: =IF(ISBLANK(Лист1!A204),"",Лист1!A204) | B204: =IF(ISBLANK(Лист1!B204),"",Лист1!B204) | C204: =IF(ISBLANK(Лист1!C204),"",Лист1!C204) | D204: =IF(ISBLANK(Лист1!D204),"",Лист1!D204) | E204: =IF(ISBLANK(Лист1!E204),"",Лист1!E204) | F204: =IF(ISBLANK(Лист1!F204),"",Лист1!F204) | G204: =IF(ISBLANK(Лист1!G204),"",Лист1!G204) | H204: =IF(ISBLANK(Лист1!H204),"",Лист1!H204) | ... X204: =IF(ISBLANK(Лист1!X204),"",Лист1!X204) | Y204: =IF(ISERROR(VLOOKUP($X204,Лист2!$A$2:$G$498,1,FALSE)),"",VLOOKUP($X204,Лист2!$A$2:$G$498,1,FALSE)) | Z204: =IF(ISERROR(VLOOKUP($X204,Лист2!$A$2:$G$498,5,FALSE)),"",VLOOKUP($X204,Лист2!$A$2:$G$498,5,FALSE)) | AA204: =IF(ISERROR(VLOOKUP($X204,Лист2!$A$2:$G$498,6,FALSE)),"",VLOOKUP($X204,Лист2!$A$2:$G$498,6,FALSE)) | AB204: =IF(ISERROR(VLOOKUP($X204,Лист2!$A$2:$G$498,7,FALSE)),"",VLOOKUP($X204,Лист2!$A$2:$G$498,7,FALSE))
A205: =IF(ISBLANK(Лист1!A205),"",Лист1!A205) | B205: =IF(ISBLANK(Лист1!B205),"",Лист1!B205) | C205: =IF(ISBLANK(Лист1!C205),"",Лист1!C205) | D205: =IF(ISBLANK(Лист1!D205),"",Лист1!D205) | E205: =IF(ISBLANK(Лист1!E205),"",Лист1!E205) | F205: =IF(ISBLANK(Лист1!F205),"",Лист1!F205) | G205: =IF(ISBLANK(Лист1!G205),"",Лист1!G205) | H205: =IF(ISBLANK(Лист1!H205),"",Лист1!H205) | ... X205: =IF(ISBLANK(Лист1!X205),"",Лист1!X205) | Y205: =IF(ISERROR(VLOOKUP($X205,Лист2!$A$2:$G$498,1,FALSE)),"",VLOOKUP($X205,Лист2!$A$2:$G$498,1,FALSE)) | Z205: =IF(ISERROR(VLOOKUP($X205,Лист2!$A$2:$G$498,5,FALSE)),"",VLOOKUP($X205,Лист2!$A$2:$G$498,5,FALSE)) | AA205: =IF(ISERROR(VLOOKUP($X205,Лист2!$A$2:$G$498,6,FALSE)),"",VLOOKUP($X205,Лист2!$A$2:$G$498,6,FALSE)) | AB205: =IF(ISERROR(VLOOKUP($X205,Лист2!$A$2:$G$498,7,FALSE)),"",VLOOKUP($X205,Лист2!$A$2:$G$498,7,FALSE))
A206: =IF(ISBLANK(Лист1!A206),"",Лист1!A206) | B206: =IF(ISBLANK(Лист1!B206),"",Лист1!B206) | C206: =IF(ISBLANK(Лист1!C206),"",Лист1!C206) | D206: =IF(ISBLANK(Лист1!D206),"",Лист1!D206) | E206: =IF(ISBLANK(Лист1!E206),"",Лист1!E206) | F206: =IF(ISBLANK(Лист1!F206),"",Лист1!F206) | G206: =IF(ISBLANK(Лист1!G206),"",Лист1!G206) | H206: =IF(ISBLANK(Лист1!H206),"",Лист1!H206) | ... X206: =IF(ISBLANK(Лист1!X206),"",Лист1!X206) | Y206: =IF(ISERROR(VLOOKUP($X206,Лист2!$A$2:$G$498,1,FALSE)),"",VLOOKUP($X206,Лист2!$A$2:$G$498,1,FALSE)) | Z206: =IF(ISERROR(VLOOKUP($X206,Лист2!$A$2:$G$498,5,FALSE)),"",VLOOKUP($X206,Лист2!$A$2:$G$498,5,FALSE)) | AA206: =IF(ISERROR(VLOOKUP($X206,Лист2!$A$2:$G$498,6,FALSE)),"",VLOOKUP($X206,Лист2!$A$2:$G$498,6,FALSE)) | AB206: =IF(ISERROR(VLOOKUP($X206,Лист2!$A$2:$G$498,7,FALSE)),"",VLOOKUP($X206,Лист2!$A$2:$G$498,7,FALSE))
A207: =IF(ISBLANK(Лист1!A207),"",Лист1!A207) | B207: =IF(ISBLANK(Лист1!B207),"",Лист1!B207) | C207: =IF(ISBLANK(Лист1!C207),"",Лист1!C207) | D207: =IF(ISBLANK(Лист1!D207),"",Лист1!D207) | E207: =IF(ISBLANK(Лист1!E207),"",Лист1!E207) | F207: =IF(ISBLANK(Лист1!F207),"",Лист1!F207) | G207: =IF(ISBLANK(Лист1!G207),"",Лист1!G207) | H207: =IF(ISBLANK(Лист1!H207),"",Лист1!H207) | ... X207: =IF(ISBLANK(Лист1!X207),"",Лист1!X207) | Y207: =IF(ISERROR(VLOOKUP($X207,Лист2!$A$2:$G$498,1,FALSE)),"",VLOOKUP($X207,Лист2!$A$2:$G$498,1,FALSE)) | Z207: =IF(ISERROR(VLOOKUP($X207,Лист2!$A$2:$G$498,5,FALSE)),"",VLOOKUP($X207,Лист2!$A$2:$G$498,5,FALSE)) | AA207: =IF(ISERROR(VLOOKUP($X207,Лист2!$A$2:$G$498,6,FALSE)),"",VLOOKUP($X207,Лист2!$A$2:$G$498,6,FALSE)) | AB207: =IF(ISERROR(VLOOKUP($X207,Лист2!$A$2:$G$498,7,FALSE)),"",VLOOKUP($X207,Лист2!$A$2:$G$498,7,FALSE))
A208: =IF(ISBLANK(Лист1!A208),"",Лист1!A208) | B208: =IF(ISBLANK(Лист1!B208),"",Лист1!B208) | C208: =IF(ISBLANK(Лист1!C208),"",Лист1!C208) | D208: =IF(ISBLANK(Лист1!D208),"",Лист1!D208) | E208: =IF(ISBLANK(Лист1!E208),"",Лист1!E208) | F208: =IF(ISBLANK(Лист1!F208),"",Лист1!F208) | G208: =IF(ISBLANK(Лист1!G208),"",Лист1!G208) | H208: =IF(ISBLANK(Лист1!H208),"",Лист1!H208) | ... X208: =IF(ISBLANK(Лист1!X208),"",Лист1!X208) | Y208: =IF(ISERROR(VLOOKUP($X208,Лист2!$A$2:$G$498,1,FALSE)),"",VLOOKUP($X208,Лист2!$A$2:$G$498,1,FALSE)) | Z208: =IF(ISERROR(VLOOKUP($X208,Лист2!$A$2:$G$498,5,FALSE)),"",VLOOKUP($X208,Лист2!$A$2:$G$498,5,FALSE)) | AA208: =IF(ISERROR(VLOOKUP($X208,Лист2!$A$2:$G$498,6,FALSE)),"",VLOOKUP($X208,Лист2!$A$2:$G$498,6,FALSE)) | AB208: =IF(ISERROR(VLOOKUP($X208,Лист2!$A$2:$G$498,7,FALSE)),"",VLOOKUP($X208,Лист2!$A$2:$G$498,7,FALSE))
A209: =IF(ISBLANK(Лист1!A209),"",Лист1!A209) | B209: =IF(ISBLANK(Лист1!B209),"",Лист1!B209) | C209: =IF(ISBLANK(Лист1!C209),"",Лист1!C209) | D209: =IF(ISBLANK(Лист1!D209),"",Лист1!D209) | E209: =IF(ISBLANK(Лист1!E209),"",Лист1!E209) | F209: =IF(ISBLANK(Лист1!F209),"",Лист1!F209) | G209: =IF(ISBLANK(Лист1!G209),"",Лист1!G209) | H209: =IF(ISBLANK(Лист1!H209),"",Лист1!H209) | ... X209: =IF(ISBLANK(Лист1!X209),"",Лист1!X209) | Y209: =IF(ISERROR(VLOOKUP($X209,Лист2!$A$2:$G$498,1,FALSE)),"",VLOOKUP($X209,Лист2!$A$2:$G$498,1,FALSE)) | Z209: =IF(ISERROR(VLOOKUP($X209,Лист2!$A$2:$G$498,5,FALSE)),"",VLOOKUP($X209,Лист2!$A$2:$G$498,5,FALSE)) | AA209: =IF(ISERROR(VLOOKUP($X209,Лист2!$A$2:$G$498,6,FALSE)),"",VLOOKUP($X209,Лист2!$A$2:$G$498,6,FALSE)) | AB209: =IF(ISERROR(VLOOKUP($X209,Лист2!$A$2:$G$498,7,FALSE)),"",VLOOKUP($X209,Лист2!$A$2:$G$498,7,FALSE))
A210: =IF(ISBLANK(Лист1!A210),"",Лист1!A210) | B210: =IF(ISBLANK(Лист1!B210),"",Лист1!B210) | C210: =IF(ISBLANK(Лист1!C210),"",Лист1!C210) | D210: =IF(ISBLANK(Лист1!D210),"",Лист1!D210) | E210: =IF(ISBLANK(Лист1!E210),"",Лист1!E210) | F210: =IF(ISBLANK(Лист1!F210),"",Лист1!F210) | G210: =IF(ISBLANK(Лист1!G210),"",Лист1!G210) | H210: =IF(ISBLANK(Лист1!H210),"",Лист1!H210) | ... X210: =IF(ISBLANK(Лист1!X210),"",Лист1!X210) | Y210: =IF(ISERROR(VLOOKUP($X210,Лист2!$A$2:$G$498,1,FALSE)),"",VLOOKUP($X210,Лист2!$A$2:$G$498,1,FALSE)) | Z210: =IF(ISERROR(VLOOKUP($X210,Лист2!$A$2:$G$498,5,FALSE)),"",VLOOKUP($X210,Лист2!$A$2:$G$498,5,FALSE)) | AA210: =IF(ISERROR(VLOOKUP($X210,Лист2!$A$2:$G$498,6,FALSE)),"",VLOOKUP($X210,Лист2!$A$2:$G$498,6,FALSE)) | AB210: =IF(ISERROR(VLOOKUP($X210,Лист2!$A$2:$G$498,7,FALSE)),"",VLOOKUP($X210,Лист2!$A$2:$G$498,7,FALSE))
A211: =IF(ISBLANK(Лист1!A211),"",Лист1!A211) | B211: =IF(ISBLANK(Лист1!B211),"",Лист1!B211) | C211: =IF(ISBLANK(Лист1!C211),"",Лист1!C211) | D211: =IF(ISBLANK(Лист1!D211),"",Лист1!D211) | E211: =IF(ISBLANK(Лист1!E211),"",Лист1!E211) | F211: =IF(ISBLANK(Лист1!F211),"",Лист1!F211) | G211: =IF(ISBLANK(Лист1!G211),"",Лист1!G211) | H211: =IF(ISBLANK(Лист1!H211),"",Лист1!H211) | ... X211: =IF(ISBLANK(Лист1!X211),"",Лист1!X211) | Y211: =IF(ISERROR(VLOOKUP($X211,Лист2!$A$2:$G$498,1,FALSE)),"",VLOOKUP($X211,Лист2!$A$2:$G$498,1,FALSE)) | Z211: =IF(ISERROR(VLOOKUP($X211,Лист2!$A$2:$G$498,5,FALSE)),"",VLOOKUP($X211,Лист2!$A$2:$G$498,5,FALSE)) | AA211: =IF(ISERROR(VLOOKUP($X211,Лист2!$A$2:$G$498,6,FALSE)),"",VLOOKUP($X211,Лист2!$A$2:$G$498,6,FALSE)) | AB211: =IF(ISERROR(VLOOKUP($X211,Лист2!$A$2:$G$498,7,FALSE)),"",VLOOKUP($X211,Лист2!$A$2:$G$498,7,FALSE))
A212: =IF(ISBLANK(Лист1!A212),"",Лист1!A212) | B212: =IF(ISBLANK(Лист1!B212),"",Лист1!B212) | C212: =IF(ISBLANK(Лист1!C212),"",Лист1!C212) | D212: =IF(ISBLANK(Лист1!D212),"",Лист1!D212) | E212: =IF(ISBLANK(Лист1!E212),"",Лист1!E212) | F212: =IF(ISBLANK(Лист1!F212),"",Лист1!F212) | G212: =IF(ISBLANK(Лист1!G212),"",Лист1!G212) | H212: =IF(ISBLANK(Лист1!H212),"",Лист1!H212) | ... X212: =IF(ISBLANK(Лист1!X212),"",Лист1!X212) | Y212: =IF(ISERROR(VLOOKUP($X212,Лист2!$A$2:$G$498,1,FALSE)),"",VLOOKUP($X212,Лист2!$A$2:$G$498,1,FALSE)) | Z212: =IF(ISERROR(VLOOKUP($X212,Лист2!$A$2:$G$498,5,FALSE)),"",VLOOKUP($X212,Лист2!$A$2:$G$498,5,FALSE)) | AA212: =IF(ISERROR(VLOOKUP($X212,Лист2!$A$2:$G$498,6,FALSE)),"",VLOOKUP($X212,Лист2!$A$2:$G$498,6,FALSE)) | AB212: =IF(ISERROR(VLOOKUP($X212,Лист2!$A$2:$G$498,7,FALSE)),"",VLOOKUP($X212,Лист2!$A$2:$G$498,7,FALSE))
... A500: =IF(ISBLANK(Лист1!A500),"",Лист1!A500) | B500: =IF(ISBLANK(Лист1!B500),"",Лист1!B500) | C500: =IF(ISBLANK(Лист1!C500),"",Лист1!C500) | D500: =IF(ISBLANK(Лист1!D500),"",Лист1!D500) | E500: =IF(ISBLANK(Лист1!E500),"",Лист1!E500) | F500: =IF(ISBLANK(Лист1!F500),"",Лист1!F500) | G500: =IF(ISBLANK(Лист1!G500),"",Лист1!G500) | H500: =IF(ISBLANK(Лист1!H500),"",Лист1!H500) | ... X500: =IF(ISBLANK(Лист1!X500),"",Лист1!X500) | Y500: =IF(ISERROR(VLOOKUP($X500,Лист2!$A$2:$G$498,1,FALSE)),"",VLOOKUP($X500,Лист2!$A$2:$G$498,1,FALSE)) | Z500: =IF(ISERROR(VLOOKUP($X500,Лист2!$A$2:$G$498,5,FALSE)),"",VLOOKUP($X500,Лист2!$A$2:$G$498,5,FALSE)) | AA500: =IF(ISERROR(VLOOKUP($X500,Лист2!$A$2:$G$498,6,FALSE)),"",VLOOKUP($X500,Лист2!$A$2:$G$498,6,FALSE)) | AB500: =IF(ISERROR(VLOOKUP($X500,Лист2!$A$2:$G$498,7,FALSE)),"",VLOOKUP($X500,Лист2!$A$2:$G$498,7,FALSE))
